path	files	bytes	sha256_if_metadata
val/00cdb8ca10c069f8.mp4	1	636509667	
val/016c4ad8fda54a97.mp4	1	441344000	
val/017ffe52c5b5230c.mp4	1	360529417	
val/0207cc5be310f3ba.mp4	1	200804354	
val/02216818d2099c04.mp4	1	619044432	
val/02597f9f4c0ec8cc.mp4	1	362981005	
val/02fb50a660ff1072.mp4	1	623407599	
val/032392866755963e.mp4	1	390194023	
val/03481185b7c75ab9.mp4	1	291292639	
val/0391ffc9c8c38c67.mp4	1	79822945	
val/03a44264a5df1c9e.mp4	1	183157303	
val/03fb89df97cc9908.mp4	1	229183888	
val/046f557aae4c377b.mp4	1	177211898	
val/056734786b556b0f.mp4	1	331897433	
val/059a88dee3d0bddc.mp4	1	204234360	
val/06615b19ef5373ca.mp4	1	460569896	
val/069e0b5942b685da.mp4	1	489537785	
val/07092e5a5ee9579c.mp4	1	143061812	
val/0789bad7468e72b3.mp4	1	390340060	
val/07f54b96296acdff.mp4	1	829692096	
val/08910129d9d6ff34.mp4	1	211972736	
val/08a129d4d3455f91.mp4	1	190772061	
val/09293dae75c227b2.mp4	1	146301611	
val/09ea3872eb883ec1.mp4	1	434951248	
val/0a7538816b38423d.mp4	1	182745474	
val/0b38cc26c3cf4364.mp4	1	226994595	
val/0b941d85cf228741.mp4	1	293551874	
val/0c2a202bcee2ec87.mp4	1	396600692	
val/0cf8454cd2d6f863.mp4	1	186127276	
val/0de357266f10df86.mp4	1	249807207	
val/0df064a955d50897.mp4	1	732002018	
val/0efc268990f5588b.mp4	1	331382277	
val/0f1e1d0da216585c.mp4	1	186353027	
val/0f5a78b48827083d.mp4	1	494300399	
val/0fe0ca9e8cfad75f.mp4	1	467456643	
val/10551b47266ed669.mp4	1	424871300	
val/11169ccb03d4be05.mp4	1	454518542	
val/112df40f97bbcd42.mp4	1	243630483	
val/1143e4c2d086afa1.mp4	1	260794761	
val/11b5a30e313af367.mp4	1	195538496	
val/11c6e381488dcff7.mp4	1	166259061	
val/11dc8afb864c685a.mp4	1	328145165	
val/11ec20a79ad47910.mp4	1	679559324	
val/12862b1069d474fb.mp4	1	580118013	
val/12a73e1b23a7826d.mp4	1	251837676	
val/130b87bbc7e7f759.mp4	1	222266275	
val/13604bf4b9661f8b.mp4	1	409912941	
val/13aea9ab404e96a6.mp4	1	137423280	
val/14566bef49541482.mp4	1	502920253	
val/146b8053e4a93b9c.mp4	1	217692304	
val/14a8ff92adb183c7.mp4	1	321686189	
val/156cc97ac25e1078.mp4	1	205972636	
val/156e2e7dc7ea203a.mp4	1	315709453	
val/15ac76d47c8753f9.mp4	1	582191717	
val/15eeddc94cbfe9e3.mp4	1	340809037	
val/166ed6f9ba6e5dea.mp4	1	590661471	
val/17628f735391242b.mp4	1	432466559	
val/17ddbc3d41cea677.mp4	1	165068706	
val/17ffed5d482095b5.mp4	1	472433480	
val/1881e98bd8759b6f.mp4	1	447289389	
val/19176681c6d16bdb.mp4	1	154404344	
val/198ded627a6102df.mp4	1	135848554	
val/19f4457a6f327740.mp4	1	243252041	
val/1a5db01abab90677.mp4	1	727969526	
val/1a732b061361ef6f.mp4	1	342067505	
val/1a89eaa35120072a.mp4	1	150225442	
val/1a96d31d14d53569.mp4	1	384773433	
val/1ac045ca12edbb6a.mp4	1	97189389	
val/1aca110c98e1d797.mp4	1	772562774	
val/1ae2ae78bd7cf791.mp4	1	88704463	
val/1b0287a0da8011d5.mp4	1	98466658	
val/1b671063eee98378.mp4	1	66750729	
val/1c8033f0712bae4d.mp4	1	642835854	
val/1cae852183dce97b.mp4	1	193244295	
val/1cc66eed89b44527.mp4	1	114996808	
val/1cd1b004f84c4e12.mp4	1	197514847	
val/1db0f39a7048043f.mp4	1	323281496	
val/1e4a671fbd96fd4a.mp4	1	269860620	
val/1e78b53e98750d51.mp4	1	170650406	
val/1e8bfcf0ada52e74.mp4	1	543567883	
val/1eeba816eee3ed2e.mp4	1	425194136	
val/1f254ca918b0ded0.mp4	1	131601821	
val/1f2fa2af1378221e.mp4	1	37029810	
val/2012d6ccb98cc62f.mp4	1	243036166	
val/202443eaab5cfd04.mp4	1	205298203	
val/204df747cf88e632.mp4	1	326298123	
val/205a1ef3950ef283.mp4	1	628054094	
val/20665aadf887aa08.mp4	1	402208197	
val/2077ea2f35583ff6.mp4	1	178355348	
val/20b7e0d8cf3e158a.mp4	1	310624016	
val/21223c1e14298faf.mp4	1	433752922	
val/2192e93a36108081.mp4	1	224960270	
val/21a625ead630c23e.mp4	1	277581071	
val/22d2c11a300d339d.mp4	1	609317870	
val/231fceaac1eb5cac.mp4	1	287016704	
val/2341ee3265018e40.mp4	1	577358990	
val/23648f41073ebd8b.mp4	1	358834987	
val/237a3e63ab210d19.mp4	1	200131574	
val/2385a167af30bd35.mp4	1	942619134	
val/239c596fbc5ff872.mp4	1	273925553	
val/248697710277f829.mp4	1	299230227	
val/24b25f579fb8a8ff.mp4	1	329090443	
val/25a487bbb0c6a04e.mp4	1	169705320	
val/25f01498bfb69520.mp4	1	271537028	
val/262682622af0eb9d.mp4	1	474502729	
val/268678599fd83396.mp4	1	262996814	
val/2753599c9267a81b.mp4	1	221359525	
val/275a57728ae8ceb3.mp4	1	273841229	
val/280f3781277b0b97.mp4	1	211214592	
val/283c1d1c42b83e9e.mp4	1	373739031	
val/286c91162b2b9918.mp4	1	422465547	
val/286ebb5140e19aa3.mp4	1	292672846	
val/2886a72c2428e93a.mp4	1	336315272	
val/28aa19bcdf5e59da.mp4	1	386411036	
val/295e35c4ad8632a4.mp4	1	100309411	
val/2a35434e1c39f80a.mp4	1	812571419	
val/2a5113d47f90e558.mp4	1	132344920	
val/2a70e7ae5f20bdbb.mp4	1	376214229	
val/2ae6c4477585a8b3.mp4	1	335267375	
val/2ba0accbfc13712f.mp4	1	607756644	
val/2bc7ad352bd4b905.mp4	1	267600677	
val/2bfffb7b911d8655.mp4	1	599622385	
val/2c4e9ea1c554519b.mp4	1	417236629	
val/2c50721b06e0bdb2.mp4	1	139400222	
val/2c582f9beb138eab.mp4	1	251324514	
val/2d40456bebd844e6.mp4	1	467837616	
val/2d86878f4797fb11.mp4	1	520798595	
val/2e3bc21cf6685807.mp4	1	134842535	
val/2e5da7a66af53497.mp4	1	308855981	
val/2ec4cbd4fdf4a1b3.mp4	1	50677537	
val/2efdb9f426131303.mp4	1	112362318	
val/2f6df18b351825a7.mp4	1	199672210	
val/2fc07122287502b0.mp4	1	157438695	
val/304e82b751d3e20a.mp4	1	558988740	
val/307004bf807802e2.mp4	1	229249275	
val/3091b788dc993bfe.mp4	1	502822550	
val/31307eb6d9e335b3.mp4	1	272564546	
val/314dabb96387cef9.mp4	1	380806572	
val/316ebd12dea8cd7c.mp4	1	317592569	
val/31812970338785f4.mp4	1	374928305	
val/31a5289ea39eca44.mp4	1	621627928	
val/31cdcd6a7135a92b.mp4	1	75348107	
val/328f0088f8088305.mp4	1	182083260	
val/32d790a85a4b9997.mp4	1	156692171	
val/3305f03f9d1f59cb.mp4	1	609948638	
val/33635869f4013ce3.mp4	1	384959254	
val/337838c05c845e1c.mp4	1	228974531	
val/33a1126a1192ca2e.mp4	1	327009281	
val/33ebb9c842c4e4d9.mp4	1	231920669	
val/3409f3004e2a8078.mp4	1	332581485	
val/343e76a2bc8ee8c3.mp4	1	383975095	
val/3485bec65fb9c522.mp4	1	286063907	
val/3491310010b29800.mp4	1	97199667	
val/34b6409da071d5a5.mp4	1	587582193	
val/34e6a4629781783d.mp4	1	97347519	
val/354b9f490f6c9bda.mp4	1	622787653	
val/35c648e328355f23.mp4	1	194316178	
val/35dd376cb47e6ad7.mp4	1	298220470	
val/365bca27d34574e1.mp4	1	348991472	
val/36b75f41d05284cc.mp4	1	119453945	
val/36ba904b984d2728.mp4	1	136293791	
val/36f814e6c5afda98.mp4	1	428958145	
val/37017da9a7e18731.mp4	1	252825540	
val/37783571b945d66a.mp4	1	304390760	
val/377cee678a5b31ac.mp4	1	212239485	
val/37c66bcce1318f83.mp4	1	214803885	
val/380e2adf98758c1e.mp4	1	380405266	
val/38a6a97bf17d7eaa.mp4	1	343506093	
val/38ad6b6bf629e98d.mp4	1	164710528	
val/3947a6e7af8e9daf.mp4	1	400220569	
val/39ce44d892305734.mp4	1	476549116	
val/3a28a265e1f29959.mp4	1	212094554	
val/3a8a1a5119cec3a1.mp4	1	380222051	
val/3aa7a20249708db0.mp4	1	149675523	
val/3ad906ef59fd7a7e.mp4	1	147093588	
val/3b07bfcac97cf475.mp4	1	220626902	
val/3b5ca88d08858cc2.mp4	1	481413144	
val/3b98ab8aa7763741.mp4	1	351404568	
val/3be840b7358c22ee.mp4	1	158998347	
val/3bee9eedd712ce8a.mp4	1	463767017	
val/3c908cbbbd90b987.mp4	1	734249958	
val/3cfc9122829c55aa.mp4	1	411275983	
val/3d23a421b35367bf.mp4	1	255429270	
val/3d90471ed252f1ca.mp4	1	489896410	
val/3da36f3a8b3881c3.mp4	1	257880200	
val/3ec8a158983b80dd.mp4	1	330011941	
val/3fe39996fa55219f.mp4	1	234396604	
val/3fee5bc2891e37d2.mp4	1	224756930	
val/40031fc7023a8bf0.mp4	1	160544305	
val/40344e725fcd2287.mp4	1	378316109	
val/408e62080f5029bf.mp4	1	125791085	
val/40aa2da9113e3bcc.mp4	1	248875327	
val/40f996a931c65581.mp4	1	257807704	
val/416de6aab55d24fd.mp4	1	435284482	
val/419eed589c74bb83.mp4	1	252186932	
val/41d0934266db9f63.mp4	1	442098257	
val/41dd911b766cf702.mp4	1	337388870	
val/42342fe7ec0f0ecd.mp4	1	345661916	
val/4263039b604b9793.mp4	1	362327095	
val/428ce111514ecbf5.mp4	1	106522620	
val/438a7c0e65e1ecfd.mp4	1	105067335	
val/439f4429c121b912.mp4	1	428834238	
val/43e9700097961f34.mp4	1	596410086	
val/43f136ac06780df7.mp4	1	116312805	
val/44107e68e219c362.mp4	1	337651489	
val/451fb61d25ac9294.mp4	1	158268175	
val/461825ec4f8e89d4.mp4	1	401973853	
val/4632f6fc4a66f6be.mp4	1	164708888	
val/466a43f91bd6c63b.mp4	1	349711405	
val/4675c118ef30f8a6.mp4	1	443600129	
val/469f55fef5c7c288.mp4	1	116074211	
val/46e9d1736a3b9ef2.mp4	1	162820600	
val/4711132501b52300.mp4	1	278374070	
val/47a559ec148d775c.mp4	1	350078187	
val/47e8fc6d0e6fe605.mp4	1	138591078	
val/47f45a2c0350ed90.mp4	1	360580547	
val/481e71a49d271724.mp4	1	398646119	
val/483a6f8c69de7e88.mp4	1	195810108	
val/4866d01dd54c7311.mp4	1	177785686	
val/4895df868cca4688.mp4	1	298936835	
val/49488192c066cb19.mp4	1	368302541	
val/4959be3d4b58cf56.mp4	1	144032645	
val/495fe780651b0246.mp4	1	455334471	
val/4962704615e4fa8a.mp4	1	223211646	
val/4a0a16cdba79df5d.mp4	1	373567573	
val/4a5c273810448ab6.mp4	1	279316298	
val/4a96bbba4873d9a8.mp4	1	183980318	
val/4aa4c810fc8c8a91.mp4	1	433383585	
val/4ad1f0bdbc6f74dc.mp4	1	294019897	
val/4b665c6c345137ea.mp4	1	483086279	
val/4ceceb8b2234316b.mp4	1	233563059	
val/4d5cedb4f06e60ad.mp4	1	326343462	
val/4d98837f12753a68.mp4	1	578262601	
val/4e0a7d22563cf57f.mp4	1	301488984	
val/4e1bbce234587113.mp4	1	169015785	
val/4e4cdc3c3bd525b2.mp4	1	105875370	
val/4edf1dd9738170df.mp4	1	202647126	
val/4ee6962b7a404ef9.mp4	1	499948934	
val/4f895e1bff9ed1a5.mp4	1	425791160	
val/4fa2d52355bf6f66.mp4	1	221278215	
val/4fb34c7377dead94.mp4	1	126392684	
val/5007b14318474903.mp4	1	311760000	
val/51b376fd7498147e.mp4	1	165532398	
val/520c4e7fab67bc19.mp4	1	221340521	
val/520e4e5f969eb453.mp4	1	227790974	
val/5294641f57768c0e.mp4	1	376934907	
val/52a951fc79d7bdd0.mp4	1	343606086	
val/5388720913f4570e.mp4	1	550170546	
val/5390f31116aaeebd.mp4	1	598171057	
val/53a3fa0a7c4eba36.mp4	1	161918453	
val/5405e015928901bc.mp4	1	90102019	
val/5422255837b1ad5f.mp4	1	461146734	
val/5484af4472c3632d.mp4	1	248709370	
val/54a81d361b2a094f.mp4	1	885700585	
val/54be0492dc3b1386.mp4	1	251649718	
val/5540d5b0bb1a7b9a.mp4	1	196488832	
val/5566fb667f28b371.mp4	1	363589773	
val/558f0ac0885469ff.mp4	1	318963391	
val/55e3e91da83cc21a.mp4	1	371946603	
val/5658c4855c99f1bd.mp4	1	657370659	
val/566f73525ea7f571.mp4	1	223653614	
val/56b9ee6e6098c584.mp4	1	521551450	
val/56cf2e891421785b.mp4	1	177732482	
val/58559be16ca43743.mp4	1	212840334	
val/58dcdf7f4b6b4878.mp4	1	349928202	
val/58efeea8bb73f462.mp4	1	358239030	
val/58f804c4985d0131.mp4	1	389266396	
val/5910dd06ac368119.mp4	1	182658393	
val/59160e74f6de369c.mp4	1	582123531	
val/5918181b632cc3d4.mp4	1	478513904	
val/59a2f8377ce14120.mp4	1	210479453	
val/59e9819824aeba69.mp4	1	185971190	
val/5a1dc95635ec992d.mp4	1	328978546	
val/5a96fde1c24cb409.mp4	1	208055230	
val/5ab7030a02f30518.mp4	1	512290137	
val/5ab8717d4dd1fe90.mp4	1	106784050	
val/5ac7b1152960f1e4.mp4	1	232683555	
val/5b8fb3f69d96e95e.mp4	1	161504129	
val/5bcb19219734d71f.mp4	1	350251612	
val/5c1c35f6a889d91d.mp4	1	116524369	
val/5d2e85de42418849.mp4	1	430616539	
val/5d7ef5596447050b.mp4	1	514648300	
val/5d829775c3467032.mp4	1	133257381	
val/5df8d74d926e0fc8.mp4	1	109401352	
val/5e16205656482b43.mp4	1	574863141	
val/5e1ba77a7f73c84d.mp4	1	97908416	
val/5eaed1bd46029a05.mp4	1	174660126	
val/5f392677e7824e40.mp4	1	278783258	
val/602a4ced3006b80c.mp4	1	251301071	
val/611a52406549a9a3.mp4	1	109351347	
val/613634df74191426.mp4	1	421391017	
val/614db0132c094efa.mp4	1	115524651	
val/61876f06c149d4c8.mp4	1	173161065	
val/620e719ae9975498.mp4	1	265708068	
val/629ab8ccd0a3f554.mp4	1	221041543	
val/62b5891eb1a85b09.mp4	1	349510364	
val/62c5a948432a1f01.mp4	1	265029110	
val/631f3a57440377b2.mp4	1	89617165	
val/633c3483dd64f88c.mp4	1	212200460	
val/635a2b36939ba236.mp4	1	327664163	
val/6478c87cc02c8aa2.mp4	1	140910259	
val/6487bd211ab765aa.mp4	1	158119543	
val/65a90174fbf6abee.mp4	1	135521850	
val/661aed428bcf8b93.mp4	1	358880410	
val/665750c3d20adfbc.mp4	1	426143770	
val/674a68e938dbd25b.mp4	1	274181317	
val/678d22ebca4ad16a.mp4	1	255651651	
val/679d05f7c76f25e0.mp4	1	326998748	
val/67a66bcb4de5fffa.mp4	1	240616884	
val/67d2bd73430ff38e.mp4	1	97795126	
val/680244a66d976e3f.mp4	1	395344390	
val/683ab333894b2c06.mp4	1	567001563	
val/6874bcc40ab7ace7.mp4	1	825883762	
val/68be854a3b8f3d47.mp4	1	385817022	
val/68c23dcc96acbfbf.mp4	1	699804810	
val/68db3e8d1d963162.mp4	1	328498593	
val/68f002c1fab08f95.mp4	1	151441332	
val/69afe7c01d4fb660.mp4	1	347133266	
val/6aa5674e6c7d3872.mp4	1	407966959	
val/6ae5728b361779aa.mp4	1	332925300	
val/6b4f03af65f82192.mp4	1	293043451	
val/6b8c690b8133259a.mp4	1	483672250	
val/6befb649e6eb4570.mp4	1	381254155	
val/6c34f96dae9476ce.mp4	1	656479268	
val/6cdb8f146c432312.mp4	1	442697282	
val/6d5b8909cd6e4538.mp4	1	305269066	
val/6db90244402799f4.mp4	1	127975566	
val/6dcb7f9fc04a3283.mp4	1	208013871	
val/6e12cc003de06176.mp4	1	411802820	
val/6e4610f800b157a0.mp4	1	137406055	
val/6f0d26d3e3eb2ff1.mp4	1	228629738	
val/6fc33b49f0442275.mp4	1	230719639	
val/703854b6d93f2b12.mp4	1	131876592	
val/70d766f186cbc870.mp4	1	411290864	
val/70d8108d8287f08e.mp4	1	207515214	
val/719245d9778f41a8.mp4	1	472679616	
val/72f6fb2b3fcd5b08.mp4	1	184962684	
val/73794817c7d14657.mp4	1	156453438	
val/7392bac19ba7eec5.mp4	1	620401402	
val/741fcd43a96bd40e.mp4	1	212637500	
val/743a4bc4d1c10be9.mp4	1	544753349	
val/74edd72c3cbee70f.mp4	1	312369396	
val/754bd3fb63570b56.mp4	1	524562427	
val/7593bd8121dcfd39.mp4	1	211036777	
val/75999a9fb104b1b9.mp4	1	309570702	
val/75c6498c432bf077.mp4	1	378942403	
val/76bbd3472a7a2dd0.mp4	1	190269872	
val/76cd872d8785dae8.mp4	1	350715732	
val/77342df1fec5ffff.mp4	1	352451460	
val/777459a083922176.mp4	1	204225070	
val/77d6d602f07f3bc8.mp4	1	163362539	
val/786fc2d06d1a1893.mp4	1	345581994	
val/794ad013ff1e18de.mp4	1	349372062	
val/7a189ceba6cd2319.mp4	1	301439425	
val/7a1d02a893982946.mp4	1	269151310	
val/7a5ad35cb65315bb.mp4	1	697784286	
val/7a5c4239bc6b4a33.mp4	1	479323590	
val/7a8bc6855c83c2eb.mp4	1	182497916	
val/7ac4e2e4bc2ecc3d.mp4	1	589299388	
val/7b25699f021f7fa4.mp4	1	609528511	
val/7b371c444bd5c2d8.mp4	1	158741449	
val/7b4dd3a4cbcb9582.mp4	1	464439745	
val/7b4fb7f6da738501.mp4	1	307767863	
val/7b74a542cd93fefa.mp4	1	370307088	
val/7bfeb3af24f17ceb.mp4	1	213140698	
val/7c8b228dd61b135f.mp4	1	253025754	
val/7caf4511de2b8bee.mp4	1	210011322	
val/7cb70948d87b16e8.mp4	1	148826632	
val/7cf85be7b281d6aa.mp4	1	345076740	
val/7d218c229be9704a.mp4	1	300780908	
val/7d5b6c6b5100e141.mp4	1	266762907	
val/7de6c8819211d385.mp4	1	678353185	
val/7fb5cd178cf07686.mp4	1	389678420	
val/80150ed4385f86a9.mp4	1	264183669	
val/801add32a19fca1b.mp4	1	190213426	
val/807c58c65ef0c3a7.mp4	1	145439782	
val/81136397be32b026.mp4	1	321939085	
val/81c514e34862c8e2.mp4	1	257202186	
val/8314bff1c8dd2833.mp4	1	345189410	
val/83459197ce58ee6d.mp4	1	153718339	
val/835c766eaa878983.mp4	1	314034214	
val/83af08b0c9b7bc0f.mp4	1	217802215	
val/83f218905a680d46.mp4	1	317933507	
val/8421a42d1b5d314a.mp4	1	160474065	
val/842dab1a391dc72c.mp4	1	232679892	
val/8489ba53a98bcdbe.mp4	1	480225832	
val/84b67b4c525855bb.mp4	1	429016777	
val/86897310591a3dc6.mp4	1	229750519	
val/86cf704fac7bb2ba.mp4	1	226331438	
val/871fb7842cf193f1.mp4	1	162064842	
val/8765a7c347d3f82b.mp4	1	180855463	
val/88052b7bca179718.mp4	1	292907771	
val/8812f05ea4220629.mp4	1	283674057	
val/88683ac7ab86baf2.mp4	1	119426115	
val/886d2a6075229794.mp4	1	202673614	
val/888ab584bea8ddee.mp4	1	243375814	
val/88c14ad96aa2ed09.mp4	1	138848115	
val/88d3fe74ee770126.mp4	1	306934852	
val/88e8cf11f150ba5e.mp4	1	129909400	
val/88ee65ccc88209f0.mp4	1	170248329	
val/89992c79cb8a29d1.mp4	1	347937512	
val/89d686a5c3e5637f.mp4	1	282912626	
val/89eed8c271024825.mp4	1	385930564	
val/8a2b0052cec40e85.mp4	1	109292951	
val/8a3a19f9c55cf5a9.mp4	1	239985129	
val/8a6e23fa7a8e172d.mp4	1	305472176	
val/8acd2b044cc83d2d.mp4	1	278791819	
val/8b02497f95b7204c.mp4	1	272317499	
val/8b1c280ae366ad2d.mp4	1	170808397	
val/8bbb3df4bc8cfd84.mp4	1	974159615	
val/8c0c91b1c117fbdc.mp4	1	139459387	
val/8c261e7ba446c236.mp4	1	461095121	
val/8c38bd641a5b2916.mp4	1	501642462	
val/8ce856333a8f2cc8.mp4	1	206081606	
val/8d7d244a2d4e5b5a.mp4	1	311730488	
val/8da87b5c20fd201a.mp4	1	307156970	
val/8e5ac230c68c9cd8.mp4	1	207551095	
val/8e80cc537561590d.mp4	1	152274229	
val/8ebdd2fe6a852602.mp4	1	268119766	
val/8ec4d9ea2af4e941.mp4	1	143251435	
val/8f6a3caa4cf18e28.mp4	1	268022432	
val/8f9f065469b17e9d.mp4	1	460217279	
val/8ff87683841e5a1f.mp4	1	236354486	
val/90162f61ce23ea42.mp4	1	453163622	
val/9068818ab1d1e684.mp4	1	320655140	
val/9092dec13caab483.mp4	1	495375253	
val/9112660fbe7497ab.mp4	1	482033252	
val/915ee9f87ed08574.mp4	1	375127346	
val/91a120b16bcf6c52.mp4	1	102346576	
val/91dd67529b605e34.mp4	1	289762297	
val/91eb47c80caaa8bb.mp4	1	142285610	
val/921260b0a26373a0.mp4	1	276670045	
val/924ee8374498a2ae.mp4	1	106627908	
val/92c727a3edff6092.mp4	1	260403851	
val/93026d95399f1fd3.mp4	1	171875363	
val/93cf482ce9957afc.mp4	1	421687502	
val/93d3d7020fcaff98.mp4	1	108633824	
val/94714c62fc69e703.mp4	1	525174265	
val/948444f9faeab7fa.mp4	1	170702881	
val/948f2a92a76446c7.mp4	1	154366994	
val/94ce0afd5f08b035.mp4	1	286758953	
val/9613123a4d0212a0.mp4	1	162536718	
val/97155f5bb5abd234.mp4	1	335135310	
val/985053519dfa50d5.mp4	1	131385415	
val/98bf4e58c6519529.mp4	1	273722364	
val/99a38ba07d87dc68.mp4	1	203108052	
val/99e2dcde53231cf0.mp4	1	187137224	
val/9a2c0a4621c76951.mp4	1	287194386	
val/9b21ee598535c519.mp4	1	250810673	
val/9b2db5bc837eb13e.mp4	1	383323878	
val/9b7588c59c197d64.mp4	1	177810693	
val/9bab9b303c81a11d.mp4	1	246123959	
val/9bbb12e711478ff8.mp4	1	361068300	
val/9bccea62f905b3e6.mp4	1	192266190	
val/9cbaa2f2d526b6f8.mp4	1	146725142	
val/9da48913823712b0.mp4	1	333684989	
val/9da6c6890a9414bb.mp4	1	141397500	
val/9e67e002962b2b7b.mp4	1	210867982	
val/9e6f118e71c951d9.mp4	1	485004802	
val/9e889ac62c531781.mp4	1	265451010	
val/9ecf8a8d53a4bc4f.mp4	1	237129681	
val/9f00cea9b9eef2d2.mp4	1	164123198	
val/9fd79af7f7994bbd.mp4	1	464141241	
val/9fd7a3d8bf39c2e8.mp4	1	413556216	
val/a035a49d70ac199e.mp4	1	187701696	
val/a079c1722e263a13.mp4	1	243068520	
val/a0df43914f73c2c8.mp4	1	172739976	
val/a12fcce1fd9303be.mp4	1	70105076	
val/a16befce2f4e12ee.mp4	1	362610634	
val/a19371b47d71f919.mp4	1	276160437	
val/a1bc43bb8cf369e6.mp4	1	442431616	
val/a2740698b50bdd8e.mp4	1	168261771	
val/a2756d0d739a9644.mp4	1	243646690	
val/a30ef37d2d7e1a9d.mp4	1	149342768	
val/a3465114a56fdfd2.mp4	1	561800121	
val/a37331459824bcb9.mp4	1	317769880	
val/a4cc59d31c1ff9f5.mp4	1	128492456	
val/a503f181e5981135.mp4	1	303523736	
val/a510fbc0d1fdac03.mp4	1	237278618	
val/a58e93d717750fbf.mp4	1	487159149	
val/a5a49f2d406c1fa9.mp4	1	428875789	
val/a5de9225be1f781f.mp4	1	292323391	
val/a65dec1048bd5e15.mp4	1	814023448	
val/a6b364bfa11fe3f8.mp4	1	262675392	
val/a74d09fd1a2a1ab6.mp4	1	310034723	
val/a79da05071fe6c1e.mp4	1	182183605	
val/a812622abd9dbec3.mp4	1	311111238	
val/a857fa4c6dcbde0b.mp4	1	163604167	
val/a86f2f3570b7db44.mp4	1	290675190	
val/a8fac98f26a2bbf9.mp4	1	289119771	
val/aa4de1bef2a624b1.mp4	1	151181023	
val/ab3890aac6dddc5b.mp4	1	376881631	
val/ab771e7755948ddd.mp4	1	144280919	
val/aba51830e340f122.mp4	1	941034673	
val/aba90d4060290a87.mp4	1	901355482	
val/ac25c972dd028054.mp4	1	360566202	
val/ac411836489d5df4.mp4	1	320909684	
val/acb3d780d280f0b6.mp4	1	156642055	
val/acf854d6fe306870.mp4	1	203660000	
val/ad91986c05d65a03.mp4	1	190737296	
val/ae44ac9a386f2f7b.mp4	1	400430869	
val/b0f5fc37b845b78a.mp4	1	232383691	
val/b10af5fc524986a4.mp4	1	577697570	
val/b1282fb2240f4723.mp4	1	379642984	
val/b2687a8de64cddc0.mp4	1	283601523	
val/b272a41741a986ac.mp4	1	551228729	
val/b27d074aca964ba7.mp4	1	183587502	
val/b290dea2f952be00.mp4	1	217532709	
val/b291a5566d2fb7a6.mp4	1	122102890	
val/b315f2ced6b15790.mp4	1	476258334	
val/b32b516fae8b102c.mp4	1	250972686	
val/b38d58abcd059eeb.mp4	1	421078141	
val/b3fba3c9b747e519.mp4	1	140023305	
val/b437216f70a77454.mp4	1	236900321	
val/b5bc3f73ae322ee9.mp4	1	386382211	
val/b62094c953346377.mp4	1	310840888	
val/b670fb214bff9a2b.mp4	1	195137598	
val/b67686a226da2f5a.mp4	1	227830361	
val/b6ad8e6dbda2713a.mp4	1	190413580	
val/b724c4870790d192.mp4	1	311460585	
val/b73ee3f206e0f0c2.mp4	1	272154426	
val/b76b21f72125b1ca.mp4	1	125459387	
val/b76d10dcd8243a01.mp4	1	193254068	
val/b7b62d576af7c64d.mp4	1	217559647	
val/b81309c658782384.mp4	1	934946079	
val/b863b8980be825e3.mp4	1	452939257	
val/b90eb2cedaf6975d.mp4	1	496850491	
val/ba88525691af500d.mp4	1	656946844	
val/bb165f4c81827b82.mp4	1	138882312	
val/bbf5f37b642d5756.mp4	1	204771105	
val/bbf6e152b6ee763a.mp4	1	281564593	
val/bc1c13c75646fb2f.mp4	1	251288651	
val/bc484bf7424a0679.mp4	1	327919128	
val/bc6cc236f240d2cd.mp4	1	136225657	
val/bcd0a869b9339fe2.mp4	1	263035766	
val/bde055e6fe9d2c08.mp4	1	162472177	
val/be18a5e734f021c7.mp4	1	547335698	
val/be368a6954a25857.mp4	1	206164696	
val/bea72d159e1eca4b.mp4	1	251259169	
val/bf2a33ef5e329708.mp4	1	205012144	
val/c037cfcb6d618e43.mp4	1	176344342	
val/c060b9a8c96fcc0f.mp4	1	106202806	
val/c07cbdb66d404af3.mp4	1	280725716	
val/c10c12038a112a1a.mp4	1	114625681	
val/c15faf882b2c3529.mp4	1	149268849	
val/c1c0e982b39c5ffb.mp4	1	496910014	
val/c21062e32dcbecee.mp4	1	440269230	
val/c663d84f69482b36.mp4	1	141642295	
val/c6866ef535b21a76.mp4	1	191387342	
val/c68d6e65e566b11f.mp4	1	321427505	
val/c7403ae0345a15f9.mp4	1	377352239	
val/c8661556555ace32.mp4	1	120985735	
val/c87158fb587b4beb.mp4	1	156036015	
val/c894c42c5e02dec9.mp4	1	129819208	
val/c8cb286a8a6583c7.mp4	1	564928201	
val/c8fb0b8e48aaba3c.mp4	1	370255228	
val/c919300af537a381.mp4	1	279949299	
val/c965b61791599ed8.mp4	1	282040251	
val/ca6c5a6e706c2094.mp4	1	414308254	
val/cb85d5789afca909.mp4	1	138008788	
val/cc37909ac018919c.mp4	1	380992748	
val/cc843edff14ff1a5.mp4	1	358090226	
val/cd3527f83b3036e2.mp4	1	113653992	
val/cdc003099b8dd3c5.mp4	1	179580400	
val/ce5f716477b5bf44.mp4	1	435471971	
val/ce7e498bea4c4036.mp4	1	149299155	
val/ce8d213682d87166.mp4	1	237792725	
val/cec98dddd7ad2495.mp4	1	517982546	
val/cf2bd89a7b5d37d8.mp4	1	210902494	
val/cfd872ca200e9529.mp4	1	354326923	
val/d00b07b27508e864.mp4	1	480817536	
val/d09b1339fe1d32dc.mp4	1	331951481	
val/d0ad286d0fd978f7.mp4	1	359761399	
val/d0db0bf6b9ab74e5.mp4	1	302554171	
val/d12791aa7c6e8d2f.mp4	1	220546993	
val/d1a6067a7a75a228.mp4	1	343489369	
val/d2a5b3524afba5e0.mp4	1	402105219	
val/d48d1679faa0819e.mp4	1	163711625	
val/d4ad94f700885cee.mp4	1	163825370	
val/d5bbef6bd26a6384.mp4	1	340654052	
val/d5f033c63f09b95a.mp4	1	191176576	
val/d64ed0d63b455510.mp4	1	532929332	
val/d67e1186a658d9bc.mp4	1	285887568	
val/d6921118cad55955.mp4	1	588682460	
val/d73174bdd7a22aaf.mp4	1	195259904	
val/d89f42607516218a.mp4	1	372844031	
val/d8c6c71f8aded7f4.mp4	1	147427394	
val/d8f1acbcce1e4747.mp4	1	134389918	
val/d938c527010d0246.mp4	1	218753838	
val/d9db6fb1cdf4bc7d.mp4	1	159093403	
val/d9e802102d6400ba.mp4	1	188900111	
val/dbafb0e35a78a21d.mp4	1	178922210	
val/dbc5348e4a5ed4da.mp4	1	414123003	
val/dc47e12181b4f76e.mp4	1	203314471	
val/dc93aa20988701ba.mp4	1	123245358	
val/dcc8378bca4fb4d8.mp4	1	215171328	
val/dcdb8d8cd7889358.mp4	1	190448570	
val/dd33e427eabbe593.mp4	1	287916330	
val/dd47023168ffb6cf.mp4	1	262985304	
val/dd61f1e40f3be0f4.mp4	1	198384027	
val/dde4effbbc55e8a0.mp4	1	458757346	
val/deacfa3d4686dfa2.mp4	1	754308856	
val/df020e5f1eb92edd.mp4	1	108488909	
val/df5f62c7c1e941d6.mp4	1	323730180	
val/df8fe3a9b2744d7d.mp4	1	464918156	
val/e01d486f76bc5d26.mp4	1	633874462	
val/e0350daea52c7ddf.mp4	1	218310901	
val/e0641c46302f6c4a.mp4	1	406520283	
val/e0671b2368ea4cd6.mp4	1	254949265	
val/e160e5031b2b7f7b.mp4	1	406254843	
val/e174f252b4965685.mp4	1	324867756	
val/e1a178b47d998874.mp4	1	376661833	
val/e1cf4266007a09fc.mp4	1	782288643	
val/e1df5f7739249f5e.mp4	1	186485980	
val/e1e7ce832da64fd4.mp4	1	373298605	
val/e1fe951227c018f2.mp4	1	179592885	
val/e21cbde6a9acfc39.mp4	1	193239583	
val/e2c8555da7bb650a.mp4	1	239060610	
val/e2e76d2c5624e3de.mp4	1	366789161	
val/e31690b83652844a.mp4	1	514536997	
val/e31fff469914d9c8.mp4	1	436454476	
val/e35940287634d819.mp4	1	637273741	
val/e373a6d763abf3e5.mp4	1	644526511	
val/e3be3647b8bce029.mp4	1	164371912	
val/e3f2d04be59af3eb.mp4	1	150490505	
val/e40865d30d1c1594.mp4	1	222511694	
val/e4947cad50181471.mp4	1	204602409	
val/e531f121a4a804ad.mp4	1	390210253	
val/e58aa85ab695d9cf.mp4	1	156759912	
val/e5c41c61342fb8bb.mp4	1	140684279	
val/e5f0a71c73ee4f93.mp4	1	175066255	
val/e61a0c50e14505ad.mp4	1	638438871	
val/e6bd011662276977.mp4	1	248726585	
val/e6c6bf80b923fecb.mp4	1	416573982	
val/e76f7860b790d996.mp4	1	490210012	
val/e78f2a7a7ab24341.mp4	1	335711542	
val/e79b9a6810c607c8.mp4	1	369915827	
val/e7fcdfd76103e193.mp4	1	180890184	
val/e80db9b80583d44e.mp4	1	223740071	
val/e8797da62ff09125.mp4	1	445449473	
val/e9054b8f2eba960d.mp4	1	454324173	
val/e93c3bfaeed14fe6.mp4	1	208439766	
val/e9d15687eea0b786.mp4	1	218956335	
val/e9f21972ff8c3870.mp4	1	297793125	
val/ea130c0e5f45f32f.mp4	1	186662192	
val/ea1ebfee98ea5267.mp4	1	322907676	
val/ea24fc0365d5498a.mp4	1	556260739	
val/ea96f6fffa0cea82.mp4	1	110251493	
val/eab60fc3ebd45353.mp4	1	747246487	
val/eb2ca46b8e506463.mp4	1	93893815	
val/ebd8e191c386b280.mp4	1	300017867	
val/ecf8e9e9c8fcbd8a.mp4	1	182106569	
val/ed9b6346bee64283.mp4	1	147987438	
val/edaffe97b6620535.mp4	1	255184951	
val/ef25e0913ba7dcc9.mp4	1	526170435	
val/ef2ef1313755ec07.mp4	1	462823433	
val/ef51015464812b8c.mp4	1	164559187	
val/ef75ac3d92198596.mp4	1	240984345	
val/efe05555186eeea8.mp4	1	258807397	
val/f007e9c9cb65c590.mp4	1	288150303	
val/f028f4b2f34cc85d.mp4	1	269136491	
val/f03441accf18f5ca.mp4	1	158406386	
val/f06b20e6dc00da11.mp4	1	209495706	
val/f06bcd6accde47d9.mp4	1	488906635	
val/f11fb6958943a777.mp4	1	311348618	
val/f157244a935aeb48.mp4	1	210657469	
val/f21c3b8ce64dc2fb.mp4	1	253722040	
val/f267337fae95a881.mp4	1	328964755	
val/f27d47cd5dbd6586.mp4	1	535338386	
val/f2ec78a1ecc0e859.mp4	1	301587094	
val/f333d6e395e6afc5.mp4	1	410982385	
val/f3535a6623c8d73c.mp4	1	213653093	
val/f35cc4940be701c8.mp4	1	127580255	
val/f377d9635cb0bfb0.mp4	1	200832239	
val/f4641dd942f4f1df.mp4	1	249395980	
val/f4d2a0877e75856b.mp4	1	94505676	
val/f5780d9b0cfed901.mp4	1	103736980	
val/f5af4eee813b9c6c.mp4	1	449589147	
val/f5cd22aab57406dc.mp4	1	453778003	
val/f65855c5790ba916.mp4	1	103022342	
val/f6f3614a2d9f01b4.mp4	1	319466139	
val/f70eabbe9ea52f23.mp4	1	286347340	
val/f740c282872c240d.mp4	1	733398722	
val/f7695db49909a96f.mp4	1	496502917	
val/f86b147546baa484.mp4	1	433235420	
val/f86d9f011c206fcd.mp4	1	659479113	
val/f91c5e9d66190337.mp4	1	555533795	
val/f93a9b2e77ccdf89.mp4	1	198384172	
val/f9d729b8085cef5e.mp4	1	558128930	
val/fa31ca8100085de1.mp4	1	158752755	
val/fc12d4e78cb8b907.mp4	1	127078834	
val/fd2b5b76d5b9b925.mp4	1	112372251	
val/fd922a7f58506440.mp4	1	474730348	
val/fdb3a314f0780b11.mp4	1	406328097	
val/fe19b9dc6e384e4a.mp4	1	235507383	
val/fe34b3af082ac499.mp4	1	122543887	
val/febc10367e2090b2.mp4	1	254030086	
val/ff1b1c73b6ea250f.mp4	1	246029781	
val/ff20262920073129.mp4	1	435503702	
val/ff5854db35d7a9bc.mp4	1	108258867	
waw-26.code-workspace	1	171	
wearable_ai_2026_egolongqa_val_700.jsonl	1	433506	e42d1d3de86dd15de73ff7e303652000b156f384c0f28700b49116043803436f
