row,video_id
0,b863b8980be825e3
1,c965b61791599ed8
2,43f136ac06780df7
3,016c4ad8fda54a97
4,268678599fd83396
5,03a44264a5df1c9e
6,5eaed1bd46029a05
7,7a5c4239bc6b4a33
8,44107e68e219c362
9,c8cb286a8a6583c7
10,b670fb214bff9a2b
11,a37331459824bcb9
12,307004bf807802e2
13,4fb34c7377dead94
14,4a0a16cdba79df5d
15,3ad906ef59fd7a7e
16,38a6a97bf17d7eaa
17,1a96d31d14d53569
18,12a73e1b23a7826d
19,1a89eaa35120072a
20,8765a7c347d3f82b
21,89d686a5c3e5637f
22,0207cc5be310f3ba
23,f91c5e9d66190337
24,15ac76d47c8753f9
25,5d2e85de42418849
26,614db0132c094efa
27,a79da05071fe6c1e
28,cec98dddd7ad2495
29,156cc97ac25e1078
30,7caf4511de2b8bee
31,ff5854db35d7a9bc
32,ef2ef1313755ec07
33,3305f03f9d1f59cb
34,a8fac98f26a2bbf9
35,e1fe951227c018f2
36,1b671063eee98378
37,90162f61ce23ea42
38,4632f6fc4a66f6be
39,0fe0ca9e8cfad75f
40,21a625ead630c23e
41,4ee6962b7a404ef9
42,68db3e8d1d963162
43,2077ea2f35583ff6
44,f9d729b8085cef5e
45,661aed428bcf8b93
46,21223c1e14298faf
47,09ea3872eb883ec1
48,b76d10dcd8243a01
49,8f9f065469b17e9d
50,e61a0c50e14505ad
51,f740c282872c240d
52,70d766f186cbc870
53,ef25e0913ba7dcc9
54,ad91986c05d65a03
55,4f895e1bff9ed1a5
56,e93c3bfaeed14fe6
57,948444f9faeab7fa
58,1143e4c2d086afa1
59,b3fba3c9b747e519
60,97155f5bb5abd234
61,566f73525ea7f571
62,40f996a931c65581
63,20665aadf887aa08
64,52a951fc79d7bdd0
65,a74d09fd1a2a1ab6
66,9e67e002962b2b7b
67,8e5ac230c68c9cd8
68,419eed589c74bb83
69,ab3890aac6dddc5b
70,a2756d0d739a9644
71,17ddbc3d41cea677
72,be18a5e734f021c7
73,6b4f03af65f82192
74,8b1c280ae366ad2d
75,9e889ac62c531781
76,2192e93a36108081
77,fd2b5b76d5b9b925
78,4aa4c810fc8c8a91
79,25f01498bfb69520
80,5d829775c3467032
81,316ebd12dea8cd7c
82,ce5f716477b5bf44
83,5405e015928901bc
84,6cdb8f146c432312
85,0c2a202bcee2ec87
86,0b941d85cf228741
87,7bfeb3af24f17ceb
88,43e9700097961f34
89,7b4dd3a4cbcb9582
90,ff20262920073129
91,e78f2a7a7ab24341
92,0391ffc9c8c38c67
93,613634df74191426
94,dd61f1e40f3be0f4
95,93d3d7020fcaff98
96,679d05f7c76f25e0
97,7392bac19ba7eec5
98,46e9d1736a3b9ef2
99,5007b14318474903
100,f35cc4940be701c8
101,bb165f4c81827b82
102,bc6cc236f240d2cd
103,dc47e12181b4f76e
104,8bbb3df4bc8cfd84
105,7c8b228dd61b135f
106,94ce0afd5f08b035
